Domain,Phylum,Class,Order,Family,Genus,best_hit
Bacteria,Proteobacteria,Gammaproteobacteria,Pseudomonadales,Pseudomonadaceae,Pseudomonas,ASV 1:Pseudomonas
Bacteria,Firmicutes,Bacilli,Bacillales,Bacillaceae,Bacillus,ASV 2:Bacillus
Bacteria,Firmicutes,Bacilli,Bacillales,Bacillaceae,Bacillus,ASV 3:Bacillus
Bacteria,Proteobacteria,Gammaproteobacteria,Xanthomonadales,Xanthomonadaceae,Stenotrophomonas,ASV 4:Stenotrophomonas
Bacteria,Proteobacteria,Gammaproteobacteria,Xanthomonadales,Xanthomonadaceae,Stenotrophomonas,ASV 5:Stenotrophomonas
Bacteria,Proteobacteria,Gammaproteobacteria,Pseudomonadales,Pseudomonadaceae,Pseudomonas,ASV 6:Pseudomonas
Bacteria,Proteobacteria,Gammaproteobacteria,Enterobacteriales,Enterobacteriaceae,Pantoea,ASV 7:Pantoea
Bacteria,Proteobacteria,Alphaproteobacteria,Caulobacterales,Caulobacteraceae,Brevundimonas,ASV 8:Brevundimonas
Bacteria,Firmicutes,Bacilli,Bacillales,Bacillaceae,Bacillus,ASV 9:Bacillus
Bacteria,Proteobacteria,Gammaproteobacteria,Enterobacteriales,Enterobacteriaceae,Esherichica/Shigella,ASV 10:Esherichica/Shigella
Bacteria,Proteobacteria,Gammaproteobacteria,Enterobacteriales,Enterobacteriaceae,Pantoea,ASV 11:Pantoea
Bacteria,Proteobacteria,Alphaproteobacteria,Rhizobiales,Rhizobiaceae,Rhizobium,ASV 12:Rhizobium
Bacteria,Proteobacteria,Alphaproteobacteria,Caulobacterales,Caulobacteraceae,Brevundimonas,ASV 13:Brevundimonas
Bacteria,Proteobacteria,Gammaproteobacteria,Enterobacteriales,Enterobacteriaceae,Pantoea,ASV 14:Pantoea
Bacteria,Proteobacteria,Gammaproteobacteria,Enterobacteriales,Enterobacteriaceae,Pantoea,ASV 15:Pantoea
Bacteria,Actinobacteria,Actinobacteria,Micrococcales,Microbacteriaceae,Curtobacterium,ASV 16:Curtobacterium
Bacteria,Proteobacteria,Gammaproteobacteria,Enterobacteriales,Enterobacteriaceae,Enterobacter,ASV 17:Enterobacter
Bacteria,Proteobacteria,Gammaproteobacteria,Enterobacteriales,Enterobacteriaceae,Pantoea,ASV 18:Pantoea
Bacteria,Proteobacteria,Gammaproteobacteria,Enterobacteriales,Enterobacteriaceae,Erwinia,ASV 19:Erwinia
Bacteria,Proteobacteria,Gammaproteobacteria,Enterobacteriales,Enterobacteriaceae,Esherichica/Shigella,ASV 20:Esherichica/Shigella
Bacteria,Proteobacteria,Gammaproteobacteria,Enterobacteriales,Enterobacteriaceae,Esherichica/Shigella,ASV 21:Esherichica/Shigella
Bacteria,Proteobacteria,Gammaproteobacteria,Enterobacteriales,Enterobacteriaceae,Esherichica/Shigella,ASV 22:Esherichica/Shigella
Bacteria,Firmicutes,Bacilli,Bacillales,Bacillaceae,Bacillus,ASV 23:Bacillus
Bacteria,Actinobacteria,Actinobacteria,Micrococcales,Microbacteriaceae,Frigoribacterium,ASV 24:Frigoribacterium
Bacteria,Proteobacteria,Gammaproteobacteria,Enterobacteriales,Enterobacteriaceae,Esherichica/Shigella,ASV 25:Esherichica/Shigella
Bacteria,Proteobacteria,Gammaproteobacteria,Enterobacteriales,Enterobacteriaceae,Esherichica/Shigella,ASV 26:Esherichica/Shigella
Bacteria,Firmicutes,Bacilli,Bacillales,Bacillaceae,Bacillus,ASV 27:Bacillus
Bacteria,Firmicutes,Bacilli,Bacillales,Bacillaceae,Bacillus,ASV 28:Bacillus
Bacteria,Firmicutes,Bacilli,Bacillales,Bacillaceae,Bacillus,ASV 29:Bacillus
Bacteria,Firmicutes,Bacilli,Bacillales,Bacillaceae,Bacillus,ASV 30:Bacillus
Bacteria,Proteobacteria,Gammaproteobacteria,Pseudomonadales,Pseudomonadaceae,Pseudomonas,ASV 31:Pseudomonas
Bacteria,Proteobacteria,Gammaproteobacteria,Enterobacteriales,Enterobacteriaceae,Pantoea,ASV 32:Pantoea
Bacteria,Proteobacteria,Gammaproteobacteria,Enterobacteriales,Enterobacteriaceae,Pantoea,ASV 33:Pantoea
Bacteria,Proteobacteria,Gammaproteobacteria,Enterobacteriales,Enterobacteriaceae,Pantoea,ASV 34:Pantoea
Bacteria,Proteobacteria,Alphaproteobacteria,Rhodobacterales,Rhodobacteraceae,Paracoccus,ASV 35:Paracoccus
Bacteria,Proteobacteria,Gammaproteobacteria,Enterobacteriales,Enterobacteriaceae,Esherichica/Shigella,ASV 36:Esherichica/Shigella
Bacteria,Proteobacteria,Gammaproteobacteria,Enterobacteriales,Enterobacteriaceae,Pantoea,ASV 37:Pantoea
Bacteria,Firmicutes,Bacilli,Bacillales,Bacillaceae,Bacillus,ASV 38:Bacillus
Bacteria,Proteobacteria,Gammaproteobacteria,Enterobacteriales,Enterobacteriaceae,Pantoea,ASV 39:Pantoea
Bacteria,Proteobacteria,Gammaproteobacteria,Enterobacteriales,Enterobacteriaceae,Pantoea,ASV 40:Pantoea
Bacteria,Firmicutes,Bacilli,Bacillales,Bacillaceae,Bacillus,ASV 41:Bacillus
Bacteria,Proteobacteria,Gammaproteobacteria,Enterobacteriales,Enterobacteriaceae,Pantoea,ASV 42:Pantoea
Bacteria,Firmicutes,Bacilli,Bacillales,Bacillaceae,Bacillus,ASV 43:Bacillus
Bacteria,Firmicutes,Bacilli,Bacillales,Bacillaceae,Bacillus,ASV 44:Bacillus
Bacteria,Proteobacteria,Gammaproteobacteria,Enterobacteriales,Enterobacteriaceae,Esherichica/Shigella,ASV 45:Esherichica/Shigella
Bacteria,Proteobacteria,Gammaproteobacteria,Enterobacteriales,Enterobacteriaceae,Esherichica/Shigella,ASV 46:Esherichica/Shigella
Bacteria,Proteobacteria,Gammaproteobacteria,Pseudomonadales,Pseudomonadaceae,Pseudomonas,ASV 47:Pseudomonas
Bacteria,Firmicutes,Bacilli,Bacillales,Bacillaceae,Bacillus,ASV 48:Bacillus
Bacteria,Proteobacteria,Gammaproteobacteria,Pseudomonadales,Pseudomonadaceae,Pseudomonas,ASV 49:Pseudomonas
Bacteria,Firmicutes,Bacilli,Bacillales,Bacillaceae,Bacillus,ASV 50:Bacillus
Bacteria,Firmicutes,Bacilli,Bacillales,Paenibacillaceae,Paenibacillus,ASV 51:Paenibacillus
Bacteria,Firmicutes,Bacilli,Bacillales,Bacillaceae,Bacillus,ASV 52:Bacillus
Bacteria,Proteobacteria,Gammaproteobacteria,Enterobacteriales,Enterobacteriaceae,Enterobacter,ASV 53:Enterobacter
Bacteria,Proteobacteria,Gammaproteobacteria,Enterobacteriales,Enterobacteriaceae,Pantoea,ASV 54:Pantoea
Bacteria,Proteobacteria,Gammaproteobacteria,Enterobacteriales,Enterobacteriaceae,Enterobacter,ASV 55:Enterobacter
Bacteria,Firmicutes,Bacilli,Bacillales,Paenibacillaceae,Paenibacillus,ASV 56:Paenibacillus
Bacteria,Firmicutes,Bacilli,Bacillales,Bacillaceae,Bacillus,ASV 57:Bacillus
Bacteria,Firmicutes,Bacilli,Bacillales,Bacillaceae,Bacillus,ASV 58:Bacillus
Bacteria,Firmicutes,Bacilli,Lactobacillales,Enterococcaceae,Enterococcus,ASV 59:Enterococcus
Bacteria,Proteobacteria,Gammaproteobacteria,Enterobacteriales,Enterobacteriaceae,Pantoea,ASV 60:Pantoea
Bacteria,Proteobacteria,Gammaproteobacteria,Enterobacteriales,Enterobacteriaceae,Enterobacter,ASV 61:Enterobacter
Bacteria,Proteobacteria,Gammaproteobacteria,Enterobacteriales,Enterobacteriaceae,Enterobacter,ASV 62:Enterobacter
Bacteria,Actinobacteria,Actinobacteria,Micrococcales,Microbacteriaceae,Microbacterium,ASV 63:Microbacterium
Bacteria,Proteobacteria,Gammaproteobacteria,Enterobacteriales,Enterobacteriaceae,Pantoea,ASV 64:Pantoea
Bacteria,Proteobacteria,Gammaproteobacteria,Enterobacteriales,Enterobacteriaceae,Pantoea,ASV 65:Pantoea
Bacteria,Proteobacteria,Gammaproteobacteria,Enterobacteriales,Enterobacteriaceae,Enterobacter,ASV 66:Enterobacter
Bacteria,Proteobacteria,Gammaproteobacteria,Pseudomonadales,Pseudomonadaceae,Pseudomonas,ASV 67:Pseudomonas
Bacteria,Proteobacteria,Gammaproteobacteria,Enterobacteriales,Enterobacteriaceae,Enterobacter,ASV 68:Enterobacter
Bacteria,Bacteroidetes,Sphingobacteriia,Sphingobacteriales,Sphingobacteriaceae,Sphingobacterium,ASV 69:Sphingobacterium
Bacteria,Firmicutes,Bacilli,Bacillales,Bacillaceae,Bacillus,ASV 70:Bacillus
Bacteria,Proteobacteria,Gammaproteobacteria,Enterobacteriales,Enterobacteriaceae,Pantoea,ASV 71:Pantoea
Bacteria,Firmicutes,Bacilli,Bacillales,Paenibacillaceae,Paenibacillus,ASV 72:Paenibacillus
Bacteria,Proteobacteria,Gammaproteobacteria,Pseudomonadales,Pseudomonadaceae,Pseudomonas,ASV 73:Pseudomonas
Bacteria,Proteobacteria,Gammaproteobacteria,Enterobacteriales,Enterobacteriaceae,Pantoea,ASV 74:Pantoea
Bacteria,Proteobacteria,Gammaproteobacteria,Pseudomonadales,Pseudomonadaceae,Pseudomonas,ASV 75:Pseudomonas
Bacteria,Bacteroidetes,Sphingobacteriia,Sphingobacteriales,Sphingobacteriaceae,Pedobacter,ASV 76:Pedobacter
Bacteria,Proteobacteria,Gammaproteobacteria,Enterobacteriales,Enterobacteriaceae,Pantoea,ASV 77:Pantoea
Bacteria,Proteobacteria,Gammaproteobacteria,Enterobacteriales,Enterobacteriaceae,Pantoea,ASV 78:Pantoea
Bacteria,Proteobacteria,Gammaproteobacteria,Enterobacteriales,Enterobacteriaceae,Pantoea,ASV 79:Pantoea
Bacteria,Firmicutes,Bacilli,Bacillales,Bacillaceae,Bacillus,ASV 80:Bacillus
Bacteria,Actinobacteria,Actinobacteria,Micrococcales,Microbacteriaceae,Curtobacterium,ASV 81:Curtobacterium
Bacteria,Proteobacteria,Gammaproteobacteria,Enterobacteriales,Enterobacteriaceae,Esherichica/Shigella,ASV 82:Esherichica/Shigella
Bacteria,Proteobacteria,Gammaproteobacteria,Enterobacteriales,Enterobacteriaceae,Enterobacter,ASV 83:Enterobacter
Bacteria,Proteobacteria,Gammaproteobacteria,Enterobacteriales,Enterobacteriaceae,Pantoea,ASV 84:Pantoea
Bacteria,Proteobacteria,Gammaproteobacteria,Enterobacteriales,Enterobacteriaceae,Pantoea,ASV 85:Pantoea
Bacteria,Firmicutes,Bacilli,Bacillales,Paenibacillaceae,Paenibacillus,ASV 86:Paenibacillus
Bacteria,Firmicutes,Bacilli,Bacillales,Bacillaceae,Bacillus,ASV 87:Bacillus
Bacteria,Proteobacteria,Gammaproteobacteria,Pseudomonadales,Pseudomonadaceae,Pseudomonas,ASV 88:Pseudomonas
Bacteria,Proteobacteria,Gammaproteobacteria,Enterobacteriales,Enterobacteriaceae,Pantoea,ASV 89:Pantoea
Bacteria,Firmicutes,Bacilli,Bacillales,Paenibacillaceae,Brevibacillus,ASV 90:Brevibacillus
Bacteria,Firmicutes,Bacilli,Bacillales,Bacillaceae,Bacillus,ASV 91:Bacillus
Bacteria,Proteobacteria,Gammaproteobacteria,Enterobacteriales,Enterobacteriaceae,Pantoea,ASV 92:Pantoea
Bacteria,Firmicutes,Bacilli,Bacillales,Bacillaceae,Bacillus,ASV 93:Bacillus
Bacteria,Proteobacteria,Gammaproteobacteria,Enterobacteriales,Enterobacteriaceae,Pantoea,ASV 95:Pantoea
Bacteria,Bacteroidetes,Sphingobacteriia,Sphingobacteriales,Sphingobacteriaceae,Sphingobacterium,ASV 96:Sphingobacterium
Bacteria,Proteobacteria,Gammaproteobacteria,Enterobacteriales,Enterobacteriaceae,Pantoea,ASV 97:Pantoea
Bacteria,Actinobacteria,Actinobacteria,Micrococcales,Microbacteriaceae,Curtobacterium,ASV 98:Curtobacterium
Bacteria,Proteobacteria,Gammaproteobacteria,Enterobacteriales,Enterobacteriaceae,Pantoea,ASV 99:Pantoea
Bacteria,Proteobacteria,Gammaproteobacteria,Enterobacteriales,Enterobacteriaceae,Pantoea,ASV 100:Pantoea
Bacteria,Actinobacteria,Actinobacteria,Micrococcales,Microbacteriaceae,Microbacterium,ASV 101:Microbacterium
Bacteria,Proteobacteria,Gammaproteobacteria,Enterobacteriales,Enterobacteriaceae,Pantoea,ASV 102:Pantoea
Bacteria,Proteobacteria,Gammaproteobacteria,Pseudomonadales,Pseudomonadaceae,Pseudomonas,ASV 103:Pseudomonas
Bacteria,Firmicutes,Bacilli,Bacillales,Paenibacillaceae,Brevibacillus,ASV 104:Brevibacillus
Bacteria,Firmicutes,Bacilli,Bacillales,Paenibacillaceae,Paenibacillus,ASV 105:Paenibacillus
Bacteria,Proteobacteria,Gammaproteobacteria,Enterobacteriales,Enterobacteriaceae,Enterobacter,ASV 106:Enterobacter
Bacteria,Proteobacteria,Gammaproteobacteria,Enterobacteriales,Enterobacteriaceae,Pantoea,ASV 107:Pantoea
Bacteria,Firmicutes,Bacilli,Bacillales,Bacillaceae,Bacillus,ASV 108:Bacillus
Bacteria,Proteobacteria,Gammaproteobacteria,Pseudomonadales,Pseudomonadaceae,Pseudomonas,ASV 109:Pseudomonas
Bacteria,Firmicutes,Bacilli,Bacillales,Paenibacillaceae,Paenibacillus,ASV 110:Paenibacillus
Bacteria,Proteobacteria,Gammaproteobacteria,Enterobacteriales,Enterobacteriaceae,Pantoea,ASV 112:Pantoea
Bacteria,Firmicutes,Bacilli,Bacillales,Bacillaceae,Bacillus,ASV 113:Bacillus
Bacteria,Proteobacteria,Gammaproteobacteria,Pseudomonadales,Pseudomonadaceae,Pseudomonas,ASV 114:Pseudomonas
Bacteria,Firmicutes,Bacilli,Bacillales,Paenibacillaceae,Paenibacillus,ASV 115:Paenibacillus
Bacteria,Proteobacteria,Gammaproteobacteria,Pseudomonadales,Pseudomonadaceae,Pseudomonas,ASV 116:Pseudomonas
Bacteria,Proteobacteria,Gammaproteobacteria,Enterobacteriales,Enterobacteriaceae,Pantoea,ASV 117:Pantoea
Bacteria,Firmicutes,Bacilli,Lactobacillales,Enterococcaceae,Enterococcus,ASV 118:Enterococcus
Bacteria,Proteobacteria,Gammaproteobacteria,Enterobacteriales,Enterobacteriaceae,Pantoea,ASV 119:Pantoea
Bacteria,Proteobacteria,Gammaproteobacteria,Enterobacteriales,Enterobacteriaceae,Pantoea,ASV 120:Pantoea
Bacteria,Firmicutes,Bacilli,Bacillales,Bacillaceae,Bacillus,ASV 121:Bacillus
Bacteria,Actinobacteria,Actinobacteria,Micrococcales,Microbacteriaceae,Microbacterium,ASV 122:Microbacterium
Bacteria,Firmicutes,Bacilli,Bacillales,Bacillaceae,Bacillus,ASV 123:Bacillus
Bacteria,Firmicutes,Bacilli,Bacillales,Bacillaceae,Bacillus,ASV 124:Bacillus
Bacteria,Firmicutes,Bacilli,Bacillales,Paenibacillaceae,Paenibacillus,ASV 125:Paenibacillus
Bacteria,Firmicutes,Bacilli,Bacillales,Bacillaceae,Bacillus,ASV 126:Bacillus
Bacteria,Proteobacteria,Gammaproteobacteria,Enterobacteriales,Enterobacteriaceae,Pantoea,ASV 127:Pantoea
Bacteria,Proteobacteria,Alphaproteobacteria,Rhizobiales,Methylobacteriaceae,Methylobacterium,ASV 128:Methylobacterium
Bacteria,Actinobacteria,Actinobacteria,Micrococcales,Microbacteriaceae,Microbacterium,ASV 129:Microbacterium
Bacteria,Firmicutes,Bacilli,Bacillales,Bacillaceae,Bacillus,ASV 130:Bacillus
Bacteria,Proteobacteria,Gammaproteobacteria,Pseudomonadales,Pseudomonadaceae,Pseudomonas,ASV 131:Pseudomonas
Bacteria,Proteobacteria,Gammaproteobacteria,Enterobacteriales,Enterobacteriaceae,Pantoea,ASV 132:Pantoea
Bacteria,Firmicutes,Bacilli,Bacillales,Paenibacillaceae,Paenibacillus,ASV 133:Paenibacillus
Bacteria,Proteobacteria,Gammaproteobacteria,Pseudomonadales,Pseudomonadaceae,Pseudomonas,ASV 134:Pseudomonas
Bacteria,Proteobacteria,Gammaproteobacteria,Enterobacteriales,Enterobacteriaceae,Esherichica/Shigella,ASV 135:Esherichica/Shigella
Bacteria,Firmicutes,Bacilli,Bacillales,Bacillaceae,Bacillus,ASV 136:Bacillus
Bacteria,Firmicutes,Bacilli,Bacillales,Paenibacillaceae,Paenibacillus,ASV 137:Paenibacillus
Bacteria,Proteobacteria,Gammaproteobacteria,Enterobacteriales,Enterobacteriaceae,Pantoea,ASV 138:Pantoea
Bacteria,Proteobacteria,Gammaproteobacteria,Enterobacteriales,Enterobacteriaceae,Pantoea,ASV 139:Pantoea
Bacteria,Firmicutes,Bacilli,Bacillales,Paenibacillaceae,Paenibacillus,ASV 140:Paenibacillus
Bacteria,Firmicutes,Bacilli,Lactobacillales,Enterococcaceae,Enterococcus,ASV 141:Enterococcus
Bacteria,Firmicutes,Bacilli,Bacillales,Bacillaceae,Bacillus,ASV 142:Bacillus
Bacteria,Firmicutes,Bacilli,Bacillales,Paenibacillaceae,Paenibacillus,ASV 143:Paenibacillus
Bacteria,Firmicutes,Bacilli,Bacillales,Bacillaceae,Bacillus,ASV 144:Bacillus
Bacteria,Proteobacteria,Gammaproteobacteria,Pseudomonadales,Pseudomonadaceae,Pseudomonas,ASV 145:Pseudomonas
Bacteria,Proteobacteria,Gammaproteobacteria,Xanthomonadales,Xanthomonadaceae,Xanthomonas,ASV 146:Xanthomonas
Bacteria,Actinobacteria,Actinobacteria,Micrococcales,Micrococcaceae,Kocuria,ASV 147:Kocuria
Bacteria,Firmicutes,Bacilli,Bacillales,Paenibacillaceae,Paenibacillus,ASV 148:Paenibacillus
Bacteria,Firmicutes,Bacilli,Bacillales,Paenibacillaceae,Paenibacillus,ASV 149:Paenibacillus
Bacteria,Proteobacteria,Gammaproteobacteria,Enterobacteriales,Enterobacteriaceae,Pantoea,ASV 150:Pantoea
Bacteria,Proteobacteria,Gammaproteobacteria,Pseudomonadales,Pseudomonadaceae,Pseudomonas,ASV 151:Pseudomonas
Bacteria,Actinobacteria,Actinobacteria,Micrococcales,Micrococcaceae,Kocuria,ASV 152:Kocuria
Bacteria,Proteobacteria,Gammaproteobacteria,Enterobacteriales,Enterobacteriaceae,Erwinia,ASV 153:Erwinia
Bacteria,Firmicutes,Bacilli,Bacillales,Paenibacillaceae,Paenibacillus,ASV 154:Paenibacillus
Bacteria,Proteobacteria,Gammaproteobacteria,Pseudomonadales,Pseudomonadaceae,Pseudomonas,ASV 155:Pseudomonas
Bacteria,Proteobacteria,Alphaproteobacteria,Sphingomonadales,Sphingomonadaceae,Sphingomonas,ASV 156:Sphingomonas
Bacteria,Firmicutes,Bacilli,Bacillales,Bacillaceae,Bacillus,ASV 157:Bacillus
Bacteria,Firmicutes,Bacilli,Bacillales,Bacillaceae,Bacillus,ASV 158:Bacillus
Bacteria,Proteobacteria,Gammaproteobacteria,Enterobacteriales,Enterobacteriaceae,Pantoea,ASV 159:Pantoea
Bacteria,Firmicutes,Bacilli,Bacillales,Paenibacillaceae,Paenibacillus,ASV 160:Paenibacillus
Bacteria,Firmicutes,Bacilli,Bacillales,Paenibacillaceae,Paenibacillus,ASV 161:Paenibacillus
Bacteria,Proteobacteria,Gammaproteobacteria,Enterobacteriales,Enterobacteriaceae,Pantoea,ASV 162:Pantoea
Bacteria,Proteobacteria,Gammaproteobacteria,Enterobacteriales,Enterobacteriaceae,Esherichica/Shigella,ASV 163:Esherichica/Shigella
Bacteria,Firmicutes,Bacilli,Bacillales,Bacillaceae,Bacillus,ASV 164:Bacillus
Bacteria,Firmicutes,Bacilli,Lactobacillales,Enterococcaceae,Enterococcus,ASV 165:Enterococcus
Bacteria,Proteobacteria,Gammaproteobacteria,Pseudomonadales,Pseudomonadaceae,Pseudomonas,ASV 166:Pseudomonas
Bacteria,Proteobacteria,Gammaproteobacteria,Pseudomonadales,Pseudomonadaceae,Pseudomonas,ASV 167:Pseudomonas
Bacteria,Firmicutes,Bacilli,Bacillales,Bacillaceae,Bacillus,ASV 168:Bacillus
Bacteria,Bacteroidetes,Sphingobacteriia,Sphingobacteriales,Sphingobacteriaceae,Pedobacter,ASV 169:Pedobacter
Bacteria,Actinobacteria,Actinobacteria,Micrococcales,Brevibacteriaceae,Brevibacterium,ASV 170:Brevibacterium
Bacteria,Proteobacteria,Gammaproteobacteria,Enterobacteriales,Enterobacteriaceae,Pantoea,ASV 172:Pantoea
Bacteria,Firmicutes,Bacilli,Bacillales,Paenibacillaceae,Paenibacillus,ASV 173:Paenibacillus
Bacteria,Proteobacteria,Gammaproteobacteria,Pseudomonadales,Pseudomonadaceae,Pseudomonas,ASV 174:Pseudomonas
Bacteria,Firmicutes,Bacilli,Bacillales,Bacillaceae,Bacillus,ASV 175:Bacillus
Bacteria,Proteobacteria,Gammaproteobacteria,Pseudomonadales,Pseudomonadaceae,Pseudomonas,ASV 176:Pseudomonas
Bacteria,Proteobacteria,Gammaproteobacteria,Pseudomonadales,Pseudomonadaceae,Pseudomonas,ASV 177:Pseudomonas
Bacteria,Proteobacteria,Gammaproteobacteria,Enterobacteriales,Enterobacteriaceae,Pantoea,ASV 178:Pantoea
Bacteria,Proteobacteria,Gammaproteobacteria,Pseudomonadales,Pseudomonadaceae,Pseudomonas,ASV 179:Pseudomonas
Bacteria,Actinobacteria,Actinobacteria,Micrococcales,Microbacteriaceae,Microbacterium,ASV 180:Microbacterium
Bacteria,Proteobacteria,Gammaproteobacteria,Enterobacteriales,Enterobacteriaceae,Esherichica/Shigella,ASV 181:Esherichica/Shigella
Bacteria,Proteobacteria,Gammaproteobacteria,Xanthomonadales,Xanthomonadaceae,Stenotrophomonas,ASV 182:Stenotrophomonas
Bacteria,Proteobacteria,Gammaproteobacteria,Enterobacteriales,Enterobacteriaceae,Pantoea,ASV 183:Pantoea
Bacteria,Proteobacteria,Gammaproteobacteria,Enterobacteriales,Enterobacteriaceae,Esherichica/Shigella,ASV 184:Esherichica/Shigella
Bacteria,Firmicutes,Bacilli,Bacillales,Bacillaceae,Bacillus,ASV 185:Bacillus
Bacteria,Proteobacteria,Gammaproteobacteria,Enterobacteriales,Enterobacteriaceae,Pantoea,ASV 187:Pantoea
Bacteria,Bacteroidetes,Sphingobacteriia,Sphingobacteriales,Sphingobacteriaceae,Sphingobacterium,ASV 188:Sphingobacterium
Bacteria,Proteobacteria,Alphaproteobacteria,Sphingomonadales,Sphingomonadaceae,Sphingomonas,ASV 189:Sphingomonas
Bacteria,Proteobacteria,Gammaproteobacteria,Enterobacteriales,Enterobacteriaceae,Pantoea,ASV 190:Pantoea
Bacteria,Proteobacteria,Alphaproteobacteria,Rhizobiales,Methylobacteriaceae,Methylobacterium,ASV 191:Methylobacterium
Bacteria,Proteobacteria,Gammaproteobacteria,Enterobacteriales,Enterobacteriaceae,Pantoea,ASV 193:Pantoea
Bacteria,Proteobacteria,Gammaproteobacteria,Enterobacteriales,Enterobacteriaceae,Esherichica/Shigella,ASV 194:Esherichica/Shigella
Bacteria,Proteobacteria,Gammaproteobacteria,Enterobacteriales,Enterobacteriaceae,Pantoea,ASV 195:Pantoea
Bacteria,Proteobacteria,Gammaproteobacteria,Enterobacteriales,Enterobacteriaceae,Esherichica/Shigella,ASV 196:Esherichica/Shigella
Bacteria,Bacteroidetes,Sphingobacteriia,Sphingobacteriales,Sphingobacteriaceae,Sphingobacterium,ASV 197:Sphingobacterium
Bacteria,Proteobacteria,Gammaproteobacteria,Enterobacteriales,Enterobacteriaceae,Pantoea,ASV 198:Pantoea
Bacteria,Firmicutes,Bacilli,Bacillales,Bacillaceae,Bacillus,ASV 199:Bacillus
Bacteria,Proteobacteria,Gammaproteobacteria,Enterobacteriales,Enterobacteriaceae,Enterobacter,ASV 200:Enterobacter
Bacteria,Proteobacteria,Gammaproteobacteria,Enterobacteriales,Enterobacteriaceae,Esherichica/Shigella,ASV 201:Esherichica/Shigella
Bacteria,Proteobacteria,Gammaproteobacteria,Enterobacteriales,Enterobacteriaceae,Pantoea,ASV 202:Pantoea
Bacteria,Proteobacteria,Gammaproteobacteria,Enterobacteriales,Enterobacteriaceae,Pantoea,ASV 203:Pantoea
Bacteria,Proteobacteria,Gammaproteobacteria,Enterobacteriales,Enterobacteriaceae,Pantoea,ASV 204:Pantoea
Bacteria,Proteobacteria,Gammaproteobacteria,Enterobacteriales,Enterobacteriaceae,Pantoea,ASV 205:Pantoea
Bacteria,Proteobacteria,Gammaproteobacteria,Pseudomonadales,Pseudomonadaceae,Pseudomonas,ASV 206:Pseudomonas
Bacteria,Proteobacteria,Alphaproteobacteria,Rhizobiales,Methylobacteriaceae,Methylobacterium,ASV 207:Methylobacterium
Bacteria,Proteobacteria,Gammaproteobacteria,Enterobacteriales,Enterobacteriaceae,Pantoea,ASV 208:Pantoea
Bacteria,Proteobacteria,Gammaproteobacteria,Enterobacteriales,Enterobacteriaceae,Pantoea,ASV 209:Pantoea
Bacteria,Firmicutes,Bacilli,Bacillales,Paenibacillaceae,Brevibacillus,ASV 210:Brevibacillus
Bacteria,Proteobacteria,Gammaproteobacteria,Pseudomonadales,Pseudomonadaceae,Pseudomonas,ASV 211:Pseudomonas
Bacteria,Proteobacteria,Gammaproteobacteria,Enterobacteriales,Enterobacteriaceae,Pantoea,ASV 212:Pantoea
Bacteria,Actinobacteria,Actinobacteria,Micrococcales,Micrococcaceae,Rothia,ASV 213:Rothia
Bacteria,Proteobacteria,Gammaproteobacteria,Enterobacteriales,Enterobacteriaceae,Pantoea,ASV 214:Pantoea
Bacteria,Firmicutes,Bacilli,Bacillales,Bacillaceae,Bacillus,ASV 215:Bacillus
Bacteria,Proteobacteria,Gammaproteobacteria,Enterobacteriales,Enterobacteriaceae,Enterobacter,ASV 216:Enterobacter
Bacteria,Proteobacteria,Gammaproteobacteria,Enterobacteriales,Enterobacteriaceae,Pantoea,ASV 217:Pantoea
Bacteria,Proteobacteria,Gammaproteobacteria,Enterobacteriales,Enterobacteriaceae,Pantoea,ASV 218:Pantoea
Bacteria,Proteobacteria,Gammaproteobacteria,Enterobacteriales,Enterobacteriaceae,Pantoea,ASV 219:Pantoea
Bacteria,Firmicutes,Bacilli,Bacillales,Bacillaceae,Bacillus,ASV 220:Bacillus
Bacteria,Firmicutes,Bacilli,Bacillales,Bacillaceae,Bacillus,ASV 221:Bacillus
Bacteria,Firmicutes,Bacilli,Bacillales,Paenibacillaceae,Paenibacillus,ASV 222:Paenibacillus
Bacteria,Proteobacteria,Gammaproteobacteria,Pseudomonadales,Pseudomonadaceae,Pseudomonas,ASV 223:Pseudomonas
Bacteria,Firmicutes,Bacilli,Bacillales,Bacillaceae,Bacillus,ASV 224:Bacillus
Bacteria,Firmicutes,Bacilli,Bacillales,Paenibacillaceae,Brevibacillus,ASV 225:Brevibacillus
Bacteria,Proteobacteria,Gammaproteobacteria,Enterobacteriales,Enterobacteriaceae,Pantoea,ASV 226:Pantoea
Bacteria,Proteobacteria,Gammaproteobacteria,Pseudomonadales,Pseudomonadaceae,Pseudomonas,ASV 228:Pseudomonas
Bacteria,Firmicutes,Bacilli,Bacillales,Paenibacillaceae,Brevibacillus,ASV 229:Brevibacillus
Bacteria,Proteobacteria,Gammaproteobacteria,Enterobacteriales,Enterobacteriaceae,Pantoea,ASV 230:Pantoea
Bacteria,Proteobacteria,Gammaproteobacteria,Enterobacteriales,Enterobacteriaceae,Pantoea,ASV 231:Pantoea
Bacteria,Proteobacteria,Gammaproteobacteria,Enterobacteriales,Enterobacteriaceae,Pantoea,ASV 232:Pantoea
Bacteria,Firmicutes,Bacilli,Bacillales,Paenibacillaceae,Paenibacillus,ASV 233:Paenibacillus
Bacteria,Proteobacteria,Gammaproteobacteria,Pseudomonadales,Pseudomonadaceae,Pseudomonas,ASV 234:Pseudomonas
Bacteria,Proteobacteria,Gammaproteobacteria,Enterobacteriales,Enterobacteriaceae,Pantoea,ASV 235:Pantoea
Bacteria,Proteobacteria,Gammaproteobacteria,Pseudomonadales,Pseudomonadaceae,Pseudomonas,ASV 236:Pseudomonas
Bacteria,Proteobacteria,Gammaproteobacteria,Enterobacteriales,Enterobacteriaceae,Pantoea,ASV 237:Pantoea
Bacteria,Proteobacteria,Gammaproteobacteria,Enterobacteriales,Enterobacteriaceae,Enterobacter,ASV 238:Enterobacter
Bacteria,Actinobacteria,Actinobacteria,Micrococcales,Micrococcaceae,Arthrobacter,ASV 239:Arthrobacter
Bacteria,Firmicutes,Bacilli,Bacillales,Bacillaceae,Bacillus,ASV 240:Bacillus
Bacteria,Proteobacteria,Gammaproteobacteria,Pseudomonadales,Pseudomonadaceae,Pseudomonas,ASV 241:Pseudomonas
Bacteria,Proteobacteria,Gammaproteobacteria,Pseudomonadales,Pseudomonadaceae,Pseudomonas,ASV 242:Pseudomonas
Bacteria,Proteobacteria,Gammaproteobacteria,Enterobacteriales,Enterobacteriaceae,Esherichica/Shigella,ASV 243:Esherichica/Shigella
Bacteria,Proteobacteria,Alphaproteobacteria,Rhizobiales,Rhizobiaceae,Rhizobium,ASV 244:Rhizobium
Bacteria,Proteobacteria,Betaproteobacteria,Burkholderiales,Oxalobacteraceae,Massilia,ASV 245:Massilia
Bacteria,Proteobacteria,Gammaproteobacteria,Pseudomonadales,Pseudomonadaceae,Pseudomonas,ASV 246:Pseudomonas
Bacteria,Proteobacteria,Gammaproteobacteria,Enterobacteriales,Enterobacteriaceae,Pantoea,ASV 247:Pantoea
Bacteria,Firmicutes,Bacilli,Bacillales,Bacillaceae,Bacillus,ASV 248:Bacillus
Bacteria,Proteobacteria,Gammaproteobacteria,Enterobacteriales,Enterobacteriaceae,Esherichica/Shigella,ASV 249:Esherichica/Shigella
Bacteria,Proteobacteria,Gammaproteobacteria,Enterobacteriales,Enterobacteriaceae,Esherichica/Shigella,ASV 250:Esherichica/Shigella
Bacteria,Proteobacteria,Betaproteobacteria,Burkholderiales,Oxalobacteraceae,Massilia,ASV 251:Massilia
Bacteria,Firmicutes,Bacilli,Bacillales,Bacillaceae,Bacillus,ASV 252:Bacillus
Bacteria,Firmicutes,Bacilli,Bacillales,Paenibacillaceae,Brevibacillus,ASV 253:Brevibacillus
Bacteria,Proteobacteria,Gammaproteobacteria,Enterobacteriales,Enterobacteriaceae,Pantoea,ASV 254:Pantoea
Bacteria,Proteobacteria,Alphaproteobacteria,Sphingomonadales,Sphingomonadaceae,Sphingomonas,ASV 255:Sphingomonas
Bacteria,Firmicutes,Bacilli,Bacillales,Paenibacillaceae,Paenibacillus,ASV 256:Paenibacillus
Bacteria,Firmicutes,Bacilli,Bacillales,Bacillaceae,Bacillus,ASV 257:Bacillus
Bacteria,Proteobacteria,Gammaproteobacteria,Pseudomonadales,Pseudomonadaceae,Pseudomonas,ASV 259:Pseudomonas
Bacteria,Firmicutes,Bacilli,Bacillales,Paenibacillaceae,Paenibacillus,ASV 260:Paenibacillus
Bacteria,Firmicutes,Bacilli,Bacillales,Paenibacillaceae,Brevibacillus,ASV 261:Brevibacillus
Bacteria,Firmicutes,Bacilli,Bacillales,Paenibacillaceae,Paenibacillus,ASV 262:Paenibacillus
Bacteria,Firmicutes,Bacilli,Bacillales,Bacillaceae,Bacillus,ASV 263:Bacillus
Bacteria,Proteobacteria,Betaproteobacteria,Burkholderiales,Oxalobacteraceae,Massilia,ASV 264:Massilia
Bacteria,Proteobacteria,Gammaproteobacteria,Enterobacteriales,Enterobacteriaceae,Pantoea,ASV 265:Pantoea
Bacteria,Proteobacteria,Gammaproteobacteria,Pseudomonadales,Pseudomonadaceae,Pseudomonas,ASV 266:Pseudomonas
Bacteria,Proteobacteria,Gammaproteobacteria,Pseudomonadales,Pseudomonadaceae,Pseudomonas,ASV 267:Pseudomonas
Bacteria,Proteobacteria,Gammaproteobacteria,Enterobacteriales,Enterobacteriaceae,Pantoea,ASV 268:Pantoea
Bacteria,Firmicutes,Bacilli,Bacillales,Paenibacillaceae,Paenibacillus,ASV 269:Paenibacillus
Bacteria,Actinobacteria,Actinobacteria,Micrococcales,Microbacteriaceae,Rathayibacter,ASV 270:Rathayibacter
Bacteria,Proteobacteria,Gammaproteobacteria,Enterobacteriales,Enterobacteriaceae,Esherichica/Shigella,ASV 271:Esherichica/Shigella
Bacteria,Firmicutes,Bacilli,Bacillales,Bacillaceae,Bacillus,ASV 272:Bacillus
Bacteria,Firmicutes,Bacilli,Bacillales,Bacillaceae,Bacillus,ASV 273:Bacillus
Bacteria,Proteobacteria,Gammaproteobacteria,Pseudomonadales,Pseudomonadaceae,Pseudomonas,ASV 274:Pseudomonas
Bacteria,Proteobacteria,Gammaproteobacteria,Pseudomonadales,Pseudomonadaceae,Pseudomonas,ASV 275:Pseudomonas
Bacteria,Proteobacteria,Gammaproteobacteria,Enterobacteriales,Enterobacteriaceae,Pantoea,ASV 276:Pantoea
Bacteria,Proteobacteria,Gammaproteobacteria,Enterobacteriales,Enterobacteriaceae,Pantoea,ASV 277:Pantoea
Bacteria,Proteobacteria,Betaproteobacteria,Burkholderiales,Oxalobacteraceae,Massilia,ASV 278:Massilia
Bacteria,Firmicutes,Bacilli,Bacillales,Bacillaceae,Bacillus,ASV 279:Bacillus
Bacteria,Proteobacteria,Gammaproteobacteria,Enterobacteriales,Enterobacteriaceae,Pantoea,ASV 281:Pantoea
Bacteria,Proteobacteria,Gammaproteobacteria,Pseudomonadales,Pseudomonadaceae,Pseudomonas,ASV 283:Pseudomonas
Bacteria,Proteobacteria,Gammaproteobacteria,Enterobacteriales,Enterobacteriaceae,Esherichica/Shigella,ASV 284:Esherichica/Shigella
Bacteria,Proteobacteria,Gammaproteobacteria,Enterobacteriales,Enterobacteriaceae,Pantoea,ASV 285:Pantoea
Bacteria,Proteobacteria,Gammaproteobacteria,Enterobacteriales,Enterobacteriaceae,Esherichica/Shigella,ASV 286:Esherichica/Shigella
Bacteria,Proteobacteria,Gammaproteobacteria,Enterobacteriales,Enterobacteriaceae,Pantoea,ASV 287:Pantoea
Bacteria,Actinobacteria,Actinobacteria,Micrococcales,Micrococcaceae,Micrococcus,ASV 288:Micrococcus
Bacteria,Actinobacteria,Actinobacteria,Micrococcales,Micrococcaceae,Micrococcus,ASV 290:Micrococcus
Bacteria,Proteobacteria,Gammaproteobacteria,Enterobacteriales,Enterobacteriaceae,Esherichica/Shigella,ASV 291:Esherichica/Shigella
Bacteria,Proteobacteria,Gammaproteobacteria,Pseudomonadales,Pseudomonadaceae,Pseudomonas,ASV 292:Pseudomonas
Bacteria,Proteobacteria,Gammaproteobacteria,Enterobacteriales,Enterobacteriaceae,Esherichica/Shigella,ASV 293:Esherichica/Shigella
Bacteria,Firmicutes,Bacilli,Bacillales,Bacillaceae,Bacillus,ASV 294:Bacillus
Bacteria,Proteobacteria,Betaproteobacteria,Burkholderiales,Oxalobacteraceae,Massilia,ASV 295:Massilia
Bacteria,Proteobacteria,Gammaproteobacteria,Enterobacteriales,Enterobacteriaceae,Esherichica/Shigella,ASV 296:Esherichica/Shigella
Bacteria,Proteobacteria,Betaproteobacteria,Burkholderiales,Oxalobacteraceae,Massilia,ASV 297:Massilia
Bacteria,Proteobacteria,Gammaproteobacteria,Enterobacteriales,Enterobacteriaceae,Pantoea,ASV 298:Pantoea
Bacteria,Proteobacteria,Gammaproteobacteria,Pseudomonadales,Pseudomonadaceae,Pseudomonas,ASV 299:Pseudomonas
Bacteria,Proteobacteria,Gammaproteobacteria,Pseudomonadales,Pseudomonadaceae,Pseudomonas,ASV 300:Pseudomonas
Bacteria,Proteobacteria,Gammaproteobacteria,Enterobacteriales,Enterobacteriaceae,Esherichica/Shigella,ASV 301:Esherichica/Shigella
Bacteria,Firmicutes,Bacilli,Bacillales,Bacillaceae,Bacillus,ASV 302:Bacillus
Bacteria,Firmicutes,Bacilli,Bacillales,Paenibacillaceae,Paenibacillus,ASV 303:Paenibacillus
Bacteria,Proteobacteria,Betaproteobacteria,Burkholderiales,Oxalobacteraceae,Massilia,ASV 304:Massilia
Bacteria,Firmicutes,Bacilli,Bacillales,Paenibacillaceae,Paenibacillus,ASV 305:Paenibacillus
Bacteria,Proteobacteria,Gammaproteobacteria,Enterobacteriales,Enterobacteriaceae,Pantoea,ASV 306:Pantoea
Bacteria,Proteobacteria,Gammaproteobacteria,Enterobacteriales,Enterobacteriaceae,Pantoea,ASV 307:Pantoea
Bacteria,Proteobacteria,Gammaproteobacteria,Enterobacteriales,Enterobacteriaceae,Esherichica/Shigella,ASV 308:Esherichica/Shigella
Bacteria,Firmicutes,Bacilli,Bacillales,Paenibacillaceae,Paenibacillus,ASV 309:Paenibacillus
Bacteria,Firmicutes,Bacilli,Bacillales,Paenibacillaceae,Paenibacillus,ASV 311:Paenibacillus
Bacteria,Proteobacteria,Gammaproteobacteria,Pseudomonadales,Moraxellaceae,Enhydrobacter,ASV 312:Enhydrobacter
Bacteria,Actinobacteria,Actinobacteria,Micrococcales,Micrococcaceae,Kocuria,ASV 313:Kocuria
Bacteria,Proteobacteria,Gammaproteobacteria,Pseudomonadales,Pseudomonadaceae,Pseudomonas,ASV 314:Pseudomonas
Bacteria,Firmicutes,Bacilli,Bacillales,Paenibacillaceae,Paenibacillus,ASV 315:Paenibacillus
Bacteria,Proteobacteria,Gammaproteobacteria,Pseudomonadales,Moraxellaceae,Enhydrobacter,ASV 316:Enhydrobacter
Bacteria,Proteobacteria,Gammaproteobacteria,Enterobacteriales,Enterobacteriaceae,Pantoea,ASV 317:Pantoea
Bacteria,Proteobacteria,Alphaproteobacteria,Rhizobiales,Bradyrhizobiaceae,Bradyrhizobium,ASV 318:Bradyrhizobium
Bacteria,Firmicutes,Bacilli,Bacillales,Paenibacillaceae,Paenibacillus,ASV 319:Paenibacillus
Bacteria,Firmicutes,Bacilli,Bacillales,Bacillaceae,Bacillus,ASV 320:Bacillus
Bacteria,Proteobacteria,Gammaproteobacteria,Enterobacteriales,Enterobacteriaceae,Pantoea,ASV 321:Pantoea
Bacteria,Proteobacteria,Alphaproteobacteria,Rhizobiales,Rhizobiaceae,Rhizobium,ASV 322:Rhizobium
Bacteria,Proteobacteria,Gammaproteobacteria,Enterobacteriales,Enterobacteriaceae,Pantoea,ASV 323:Pantoea
Bacteria,Firmicutes,Bacilli,Bacillales,Paenibacillaceae,Paenibacillus,ASV 324:Paenibacillus
Bacteria,Proteobacteria,Gammaproteobacteria,Enterobacteriales,Enterobacteriaceae,Pantoea,ASV 325:Pantoea
Bacteria,Proteobacteria,Gammaproteobacteria,Enterobacteriales,Enterobacteriaceae,Klebsiella,ASV 327:Klebsiella
Bacteria,Proteobacteria,Alphaproteobacteria,Sphingomonadales,Sphingomonadaceae,Sphingomonas,ASV 328:Sphingomonas
Bacteria,Proteobacteria,Gammaproteobacteria,Enterobacteriales,Enterobacteriaceae,Pantoea,ASV 330:Pantoea
Bacteria,Actinobacteria,Actinobacteria,Micrococcales,Microbacteriaceae,Frigoribacterium,ASV 331:Frigoribacterium
Bacteria,Firmicutes,Bacilli,Bacillales,Paenibacillaceae,Paenibacillus,ASV 332:Paenibacillus
Bacteria,Firmicutes,Bacilli,Bacillales,Bacillaceae,Bacillus,ASV 333:Bacillus
Bacteria,Firmicutes,Bacilli,Bacillales,Bacillaceae,Bacillus,ASV 335:Bacillus
Bacteria,Proteobacteria,Gammaproteobacteria,Pseudomonadales,Pseudomonadaceae,Pseudomonas,ASV 336:Pseudomonas
Bacteria,Proteobacteria,Gammaproteobacteria,Pseudomonadales,Pseudomonadaceae,Pseudomonas,ASV 337:Pseudomonas
Bacteria,Proteobacteria,Gammaproteobacteria,Enterobacteriales,Enterobacteriaceae,Pantoea,ASV 338:Pantoea
Bacteria,Proteobacteria,Gammaproteobacteria,Enterobacteriales,Enterobacteriaceae,Pantoea,ASV 339:Pantoea
Bacteria,Proteobacteria,Gammaproteobacteria,Enterobacteriales,Enterobacteriaceae,Esherichica/Shigella,ASV 340:Esherichica/Shigella
Bacteria,Proteobacteria,Gammaproteobacteria,Pseudomonadales,Pseudomonadaceae,Pseudomonas,ASV 341:Pseudomonas
Bacteria,Firmicutes,Bacilli,Bacillales,Paenibacillaceae,Paenibacillus,ASV 342:Paenibacillus
Bacteria,Proteobacteria,Gammaproteobacteria,Enterobacteriales,Enterobacteriaceae,Pantoea,ASV 343:Pantoea
Bacteria,Proteobacteria,Gammaproteobacteria,Enterobacteriales,Enterobacteriaceae,Pantoea,ASV 344:Pantoea
Bacteria,Proteobacteria,Gammaproteobacteria,Enterobacteriales,Enterobacteriaceae,Esherichica/Shigella,ASV 345:Esherichica/Shigella
Bacteria,Proteobacteria,Gammaproteobacteria,Enterobacteriales,Enterobacteriaceae,Esherichica/Shigella,ASV 346:Esherichica/Shigella
Bacteria,Firmicutes,Bacilli,Bacillales,Bacillaceae,Bacillus,ASV 347:Bacillus
Bacteria,Firmicutes,Bacilli,Bacillales,Paenibacillaceae,Paenibacillus,ASV 348:Paenibacillus
Bacteria,Firmicutes,Bacilli,Bacillales,Bacillaceae,Bacillus,ASV 349:Bacillus
Bacteria,Firmicutes,Bacilli,Bacillales,Bacillaceae,Bacillus,ASV 350:Bacillus
Bacteria,Proteobacteria,Gammaproteobacteria,Enterobacteriales,Enterobacteriaceae,Pantoea,ASV 351:Pantoea
Bacteria,Proteobacteria,Gammaproteobacteria,Pseudomonadales,Pseudomonadaceae,Pseudomonas,ASV 352:Pseudomonas
Bacteria,Firmicutes,Bacilli,Bacillales,Paenibacillaceae,Paenibacillus,ASV 353:Paenibacillus
Bacteria,Proteobacteria,Gammaproteobacteria,Pseudomonadales,Pseudomonadaceae,Pseudomonas,ASV 354:Pseudomonas
Bacteria,Actinobacteria,Actinobacteria,Propionibacteriales,Nocardioidaceae,Aeromicrobium,ASV 356:Aeromicrobium
Bacteria,Firmicutes,Bacilli,Bacillales,Paenibacillaceae,Paenibacillus,ASV 357:Paenibacillus
Bacteria,Proteobacteria,Gammaproteobacteria,Pseudomonadales,Moraxellaceae,Enhydrobacter,ASV 358:Enhydrobacter
Bacteria,Proteobacteria,Gammaproteobacteria,Enterobacteriales,Enterobacteriaceae,Pantoea,ASV 359:Pantoea
Bacteria,Proteobacteria,Gammaproteobacteria,Enterobacteriales,Enterobacteriaceae,Enterobacter,ASV 360:Enterobacter
Bacteria,Proteobacteria,Gammaproteobacteria,Pseudomonadales,Pseudomonadaceae,Pseudomonas,ASV 361:Pseudomonas
Bacteria,Proteobacteria,Gammaproteobacteria,Pseudomonadales,Pseudomonadaceae,Pseudomonas,ASV 362:Pseudomonas
Bacteria,Firmicutes,Bacilli,Bacillales,Paenibacillaceae,Paenibacillus,ASV 363:Paenibacillus
Bacteria,Proteobacteria,Gammaproteobacteria,Enterobacteriales,Enterobacteriaceae,Pantoea,ASV 364:Pantoea
Bacteria,Proteobacteria,Gammaproteobacteria,Enterobacteriales,Enterobacteriaceae,Esherichica/Shigella,ASV 365:Esherichica/Shigella
Bacteria,Firmicutes,Bacilli,Bacillales,Paenibacillaceae,Paenibacillus,ASV 366:Paenibacillus
Bacteria,Proteobacteria,Gammaproteobacteria,Enterobacteriales,Enterobacteriaceae,Pantoea,ASV 367:Pantoea
Bacteria,Proteobacteria,Gammaproteobacteria,Pseudomonadales,Pseudomonadaceae,Pseudomonas,ASV 368:Pseudomonas
Bacteria,Proteobacteria,Gammaproteobacteria,Enterobacteriales,Enterobacteriaceae,Pantoea,ASV 369:Pantoea
Bacteria,Actinobacteria,Actinobacteria,Micrococcales,Microbacteriaceae,Curtobacterium,ASV 370:Curtobacterium
Bacteria,Firmicutes,Bacilli,Bacillales,Paenibacillaceae,Paenibacillus,ASV 371:Paenibacillus
Bacteria,Proteobacteria,Gammaproteobacteria,Enterobacteriales,Enterobacteriaceae,Enterobacter,ASV 372:Enterobacter
Bacteria,Proteobacteria,Gammaproteobacteria,Pseudomonadales,Moraxellaceae,Enhydrobacter,ASV 373:Enhydrobacter
Bacteria,Proteobacteria,Alphaproteobacteria,Rhizobiales,Phyllobacteriaceae,Phyllobacterium,ASV 374:Phyllobacterium
Bacteria,Proteobacteria,Gammaproteobacteria,Enterobacteriales,Enterobacteriaceae,Klebsiella,ASV 375:Klebsiella
Bacteria,Proteobacteria,Gammaproteobacteria,Pseudomonadales,Pseudomonadaceae,Pseudomonas,ASV 376:Pseudomonas
Bacteria,Proteobacteria,Alphaproteobacteria,Rhizobiales,Rhizobiaceae,Rhizobium,ASV 377:Rhizobium
Bacteria,Proteobacteria,Gammaproteobacteria,Enterobacteriales,Enterobacteriaceae,Klebsiella,ASV 378:Klebsiella
Bacteria,Proteobacteria,Gammaproteobacteria,Enterobacteriales,Enterobacteriaceae,Pantoea,ASV 379:Pantoea
Bacteria,Firmicutes,Bacilli,Bacillales,Bacillaceae,Bacillus,ASV 380:Bacillus
Bacteria,Firmicutes,Bacilli,Bacillales,Bacillaceae,Bacillus,ASV 381:Bacillus
Bacteria,Firmicutes,Bacilli,Bacillales,Paenibacillaceae,Paenibacillus,ASV 382:Paenibacillus
Bacteria,Proteobacteria,Gammaproteobacteria,Pseudomonadales,Pseudomonadaceae,Pseudomonas,ASV 383:Pseudomonas
Bacteria,Firmicutes,Bacilli,Bacillales,Paenibacillaceae,Paenibacillus,ASV 384:Paenibacillus
Bacteria,Proteobacteria,Gammaproteobacteria,Pseudomonadales,Pseudomonadaceae,Pseudomonas,ASV 386:Pseudomonas
Bacteria,Proteobacteria,Gammaproteobacteria,Pseudomonadales,Pseudomonadaceae,Pseudomonas,ASV 387:Pseudomonas
Bacteria,Proteobacteria,Gammaproteobacteria,Enterobacteriales,Enterobacteriaceae,Klebsiella,ASV 388:Klebsiella
Bacteria,Proteobacteria,Gammaproteobacteria,Enterobacteriales,Enterobacteriaceae,Esherichica/Shigella,ASV 389:Esherichica/Shigella
Bacteria,Proteobacteria,Gammaproteobacteria,Enterobacteriales,Enterobacteriaceae,Pantoea,ASV 390:Pantoea
Bacteria,Firmicutes,Bacilli,Bacillales,Paenibacillaceae,Paenibacillus,ASV 391:Paenibacillus
Bacteria,Proteobacteria,Gammaproteobacteria,Enterobacteriales,Enterobacteriaceae,Enterobacter,ASV 392:Enterobacter
Bacteria,Proteobacteria,Gammaproteobacteria,Pseudomonadales,Pseudomonadaceae,Pseudomonas,ASV 393:Pseudomonas
Bacteria,Proteobacteria,Gammaproteobacteria,Pseudomonadales,Pseudomonadaceae,Pseudomonas,ASV 394:Pseudomonas
Bacteria,Proteobacteria,Gammaproteobacteria,Enterobacteriales,Enterobacteriaceae,Klebsiella,ASV 395:Klebsiella
Bacteria,Proteobacteria,Gammaproteobacteria,Enterobacteriales,Enterobacteriaceae,Pantoea,ASV 396:Pantoea
Bacteria,Actinobacteria,Actinobacteria,Micrococcales,Micrococcaceae,Micrococcus,ASV 397:Micrococcus
Bacteria,Proteobacteria,Gammaproteobacteria,Pseudomonadales,Pseudomonadaceae,Pseudomonas,ASV 398:Pseudomonas
Bacteria,Proteobacteria,Gammaproteobacteria,Enterobacteriales,Enterobacteriaceae,Pantoea,ASV 399:Pantoea
Bacteria,Actinobacteria,Actinobacteria,Micrococcales,Micrococcaceae,Kocuria,ASV 400:Kocuria
Bacteria,Proteobacteria,Gammaproteobacteria,Enterobacteriales,Enterobacteriaceae,Klebsiella,ASV 401:Klebsiella
Bacteria,Proteobacteria,Alphaproteobacteria,Rhizobiales,Methylobacteriaceae,Methylobacterium,ASV 402:Methylobacterium
Bacteria,Firmicutes,Bacilli,Bacillales,Paenibacillaceae,Paenibacillus,ASV 403:Paenibacillus
Bacteria,Firmicutes,Bacilli,Bacillales,Paenibacillaceae,Paenibacillus,ASV 404:Paenibacillus
Bacteria,Proteobacteria,Gammaproteobacteria,Enterobacteriales,Enterobacteriaceae,Pantoea,ASV 405:Pantoea
Bacteria,Firmicutes,Bacilli,Bacillales,Paenibacillaceae,Paenibacillus,ASV 406:Paenibacillus
Bacteria,Proteobacteria,Gammaproteobacteria,Enterobacteriales,Enterobacteriaceae,Pantoea,ASV 407:Pantoea
Bacteria,Proteobacteria,Gammaproteobacteria,Enterobacteriales,Enterobacteriaceae,Pantoea,ASV 410:Pantoea
Bacteria,Proteobacteria,Gammaproteobacteria,Enterobacteriales,Enterobacteriaceae,Klebsiella,ASV 411:Klebsiella
Bacteria,Proteobacteria,Gammaproteobacteria,Enterobacteriales,Enterobacteriaceae,Klebsiella,ASV 413:Klebsiella
Bacteria,Proteobacteria,Gammaproteobacteria,Enterobacteriales,Enterobacteriaceae,Pantoea,ASV 414:Pantoea
Bacteria,Proteobacteria,Gammaproteobacteria,Enterobacteriales,Enterobacteriaceae,Pantoea,ASV 415:Pantoea
Bacteria,Proteobacteria,Gammaproteobacteria,Enterobacteriales,Enterobacteriaceae,Pantoea,ASV 416:Pantoea
Bacteria,Proteobacteria,Gammaproteobacteria,Enterobacteriales,Enterobacteriaceae,Klebsiella,ASV 417:Klebsiella
Bacteria,Proteobacteria,Gammaproteobacteria,Enterobacteriales,Enterobacteriaceae,Pantoea,ASV 418:Pantoea
Bacteria,Actinobacteria,Actinobacteria,Micrococcales,Microbacteriaceae,Microbacterium,ASV 419:Microbacterium
Bacteria,Firmicutes,Bacilli,Bacillales,Paenibacillaceae,Paenibacillus,ASV 421:Paenibacillus
Bacteria,Proteobacteria,Gammaproteobacteria,Enterobacteriales,Enterobacteriaceae,Pantoea,ASV 423:Pantoea
Bacteria,Proteobacteria,Gammaproteobacteria,Enterobacteriales,Enterobacteriaceae,Pantoea,ASV 425:Pantoea
Bacteria,Proteobacteria,Alphaproteobacteria,Sphingomonadales,Sphingomonadaceae,Sphingomonas,ASV 426:Sphingomonas
Bacteria,Actinobacteria,Actinobacteria,Micrococcales,Microbacteriaceae,Rathayibacter,ASV 427:Rathayibacter
Bacteria,Firmicutes,Bacilli,Bacillales,Paenibacillaceae,Paenibacillus,ASV 429:Paenibacillus
Bacteria,Proteobacteria,Gammaproteobacteria,Enterobacteriales,Enterobacteriaceae,Enterobacter,ASV 431:Enterobacter
Bacteria,Firmicutes,Bacilli,Bacillales,Paenibacillaceae,Paenibacillus,ASV 432:Paenibacillus
Bacteria,Proteobacteria,Betaproteobacteria,Burkholderiales,Burkholderiaceae,Ralstonia,ASV 433:Ralstonia
Bacteria,Proteobacteria,Alphaproteobacteria,Rhizobiales,Methylobacteriaceae,Methylobacterium,ASV 434:Methylobacterium
Bacteria,Firmicutes,Bacilli,Bacillales,Bacillaceae,Bacillus,ASV 436:Bacillus
Bacteria,Proteobacteria,Gammaproteobacteria,Enterobacteriales,Enterobacteriaceae,Pantoea,ASV 437:Pantoea
Bacteria,Firmicutes,Bacilli,Bacillales,Paenibacillaceae,Paenibacillus,ASV 438:Paenibacillus
Bacteria,Proteobacteria,Gammaproteobacteria,Enterobacteriales,Enterobacteriaceae,Pantoea,ASV 439:Pantoea
Bacteria,Proteobacteria,Alphaproteobacteria,Rhizobiales,Methylobacteriaceae,Methylobacterium,ASV 440:Methylobacterium
Bacteria,Proteobacteria,Alphaproteobacteria,Rhizobiales,Methylobacteriaceae,Methylobacterium,ASV 441:Methylobacterium
Bacteria,Firmicutes,Bacilli,Bacillales,Bacillaceae,Oceanobacillus,ASV 442:Oceanobacillus
Bacteria,Actinobacteria,Actinobacteria,Micrococcales,Microbacteriaceae,Agreia,ASV 443:Agreia
Bacteria,Proteobacteria,Betaproteobacteria,Burkholderiales,Oxalobacteraceae,Massilia,ASV 444:Massilia
